sma,intens,int_err,pix_var,rms,ell,ell_err,pa,pa_err,x0,x0_err,y0,y0_err,grad,grad_err,grad_r_err,rsma,mag,mag_lerr,mag_uerr,tflux_e,tflux_c,tmag_e,tmag_c,npix_e,npix_c,a3,a3_err,b3,b3_err,a4,a4_err,b4,b4_err,ndata,nflag,niter,stop,a_big,sarea,A1,A1_err,B1,B1_err,A2,A2_err,B2,B2_err,A3,A3_err,B3,B3_err,A4,A4_err,B4,B4_err,pa_norm,sbp_ori,sbp_sub,sbp,intens_sub,intens_bkg,sbp_err,sbp_low,sbp_upp,sma_asec,rsma_asec,growth_ori,growth_sub,avg_x0,avg_y0,avg_q,avg_pa,avg_bkg,intens_cor,sbp_cor,growth_cor,rad_outer,mag_tot,mag_tot_ori,mag_tot_sub,eqr,eqr_asec,reqr_asec,intens_2,mag_2,tflux_e_2,tmag_e_2,mag_lerr_2,mag_uerr_2
0.0,93.9177,,,,,,,,501.0,,501.0,,,,,0.0,42.24813,,,,,,,,,,,,,,,,,0,1,,,,,,,,,,,,,,,,,,,,,,17.359944826552322,17.360222749624022,17.360222749624022,93.89366234232187,0.024037657678127287,,,,0.0,0.0,0.0,0.0,0.0,0.0,1.0,0.0,0.0,93.89366234232187,17.360222749624022,0.0,422.9556103455796,12.057111659494833,11.983731070115189,12.057111659494833,,,,93.9272,18.65802155982113,,,,
10.0,14.22616,0.09655344,0.9361203,0.661937,0.02,,3.179999,,501.0,,501.0,,-1.315454,0.1334264,0.1014299,1.778279,44.29728,0.007394258,0.007343887,7941.034,8181.825,37.43031,37.39787,299.0,316.0,-0.007621396,0.01085799,0.000513749,0.01029955,0.01350244,0.01037367,0.00910999,0.01032494,47,4,1.0,4.0,,2.0,0.5963411,0.05878144,-0.587916,0.06058493,0.06938864,0.05296429,-0.1820507,0.05085482,0.07444833,0.05191574,0.01344566,0.04937032,-0.0820431,0.04746863,-0.08631882,0.04747159,3.179999,19.409094225346628,19.41093032371686,19.41093032371686,14.202122342321873,0.024037657678127287,0.00735642321948049,19.403573900497378,19.41828674693634,5.5,1.531407156804393,0.0,0.0,0.0,0.0,1.0,0.0,0.0,14.202122342321873,19.41093032371686,0.0,422.9556103455796,12.057111659494833,11.983731070115189,12.057111659494833,9.899494936611665,5.444722215136417,1.527544714522392,14.23566,20.70655598274086,7943.8745,13.839919063971774,0.007389098331282661,0.0073391507343415615
20.0,6.612082,0.04423843,0.4423093,0.2934445,0.02,,3.179999,,501.0,,501.0,,-0.378423,0.02843784,0.07514829,2.114743,45.129149999999996,0.0072892,0.007239397,15519.44,15736.64,36.70281,36.68772,1103.0,1136.0,-0.03052926,0.007426153,-0.005417476,0.006929033,0.00609094,0.006807645,0.008238161,0.006836267,44,7,1.0,4.0,,2.271957,0.1201024,0.04473767,-0.1201938,0.04649268,-0.002525954,0.04658407,0.0310069,0.04348977,0.02769881,0.0451423,0.009504107,0.0442103,-0.02261011,0.04420367,-0.03106298,0.04430739,3.179999,20.24096787033813,20.244922163409345,20.244922163409345,6.588044342321873,0.024037657678127287,0.007266301953279708,20.237655861456066,20.252188465362625,11.0,1.8211602868378718,6107.105661423192,6084.903801964485,0.0,0.0,1.0,0.0,0.0,6.588044342321873,20.244922163409345,6084.903801964485,422.9556103455796,12.057111659494833,11.983731070115189,12.057111659494833,19.79898987322333,10.889444430272833,1.8165670429948289,6.621582,21.537595595966515,15529.9185,13.112077058536485,0.007278084067551643,0.007229621111526179
30.0,3.795347,0.01724692,0.3765574,0.1219541,0.02,,3.179999,,501.0,,501.0,,-0.1851331,0.01185359,0.06402738,2.340347,45.73187,0.004944189,0.004923568,22621.85,22814.02,36.29368,36.2845,2528.0,2579.0,0.003328939,0.004371193,-0.001932652,0.004539696,0.001030172,0.004527121,0.001438135,0.004379454,50,8,1.0,4.0,,9.533871,0.04733544,0.01764766,-0.1122475,0.0155714,-0.01031594,0.01583632,0.0221857,0.01641637,-0.007858761,0.01569959,0.01110168,0.01631814,-0.01088603,0.01622487,-0.001778704,0.01569384,3.179999,20.84368472594654,20.850583055098515,20.850583055098515,3.7713093423218726,0.024037657678127287,0.004953960541353553,20.84562909455716,20.855537015639868,16.5,2.0154451623197245,11949.588445404981,11890.38348684843,0.0,0.0,1.0,0.0,0.0,3.7713093423218726,20.850583055098515,11890.38348684843,422.9556103455796,12.057111659494833,11.983731070115189,12.057111659494833,29.698484809834998,16.33416664540925,2.010361902405854,3.804847,22.13915700583516,22645.865999999998,12.70252766704739,0.00493270153249157,0.0049103926670403
40.0,2.347932,0.009638725,0.3220306,0.08512691,0.02,,3.179999,,501.0,,501.0,,-0.08109164,0.005803579,0.07156816,2.514867,46.25329,0.004466695,0.004447736,28565.32,28820.5,36.0404,36.03075,4525.0,4635.0,0.001318524,0.004254247,0.002548054,0.004240929,-0.006942068,0.004184717,0.003683947,0.00414771,78,0,1.0,4.0,,14.31068,0.02792826,0.01215147,-0.04310532,0.0119846,-0.001966447,0.01192238,0.01724158,0.01187575,-0.0002375842,0.01192154,0.0005697664,0.01187615,1.700394e-05,0.01192151,1.62822e-05,0.01187618,3.179999,21.36509966029592,21.376272500901067,21.376272500901067,2.3238943423218728,0.024037657678127287,0.004493952012747826,21.37177854888832,21.380766452913814,22.0,2.1657367706679937,17009.693148122256,16898.683850828722,0.0,0.0,1.0,0.0,0.0,2.3238943423218728,21.376272500901067,16898.683850828722,422.9556103455796,12.057111659494833,11.983731070115189,12.057111659494833,39.59797974644666,21.778888860545667,2.1602744524089044,2.357432,22.65890206402769,28608.3075,12.448769586975239,0.004448300231020527,0.004430149723186219
50.0,1.586272,0.006812023,0.2696534,0.06498256,0.02,,3.179999,,501.0,,501.0,,-0.04699733,0.003945336,0.08394809,2.659148,46.67906,0.004672459,0.004652618,33712.78,33972.07,35.86051,35.852199999999996,7175.0,7339.0,-0.001783256,0.004152757,-0.0008554551,0.004132129,0.0002239626,0.004107098,0.003998394,0.004144187,91,6,1.0,4.0,,17.21941,0.02625443,0.008650072,-0.02884062,0.008933277,-0.00872676,0.008646391,0.01082702,0.008683082,0.003670461,0.008668271,-0.001911547,0.008629519,-0.003689552,0.008613569,0.001537994,0.008662889,3.179999,21.79086930153883,21.807447995987363,21.807447995987363,1.5622343423218725,0.024037657678127287,0.004723991463610133,21.802724004523753,21.812171987450974,27.500000000000004,2.2899878254809036,21405.069995425612,21227.45511975596,0.0,0.0,1.0,0.0,0.0,1.5622343423218725,21.807447995987363,21227.45511975596,422.9556103455796,12.057111659494833,11.983731070115189,12.057111659494833,49.49747468305833,27.223611075682083,2.284212127121976,1.595772,23.082572898715327,33780.9425,12.268320594073641,0.004644705633993706,0.004624920508592393
60.0,1.115126,0.006096866,0.3050137,0.06594769,0.02,,3.179999,,501.0,,501.0,,-0.03171986,0.002991398,0.09430676,2.783158,47.06169,0.005952061,0.005920371,38140.16,38385.73,35.72654,35.71958,10498.0,10720.0,0.0001383863,0.004518,-0.007905301,0.004562091,0.0008595452,0.004492395,-0.005107636,0.004500411,117,0,1.0,4.0,,21.39141,0.01990117,0.008237256,-0.01664375,0.008123881,0.01550329,0.008039648,0.006980516,0.008008183,-0.0001840727,0.008039158,0.0003210045,0.008008519,-0.0001565938,0.008039131,5.053735e-06,0.008008519,3.179999,22.17350359288277,22.197163658466796,22.197163658466796,1.0910883423218727,0.024037657678127287,0.00605007109683342,22.191113587369962,22.20321372956363,33.0,2.39678172692843,25181.596833507887,24922.575139822977,0.0,0.0,1.0,0.0,0.0,1.0910883423218727,22.197163658466796,24922.575139822977,422.9556103455796,12.057111659494833,11.983731070115189,12.057111659494833,59.396969619669996,32.6683332908185,2.3907366780714474,1.1246260000000001,23.462479700861657,38239.891,12.13370838579672,0.005902047836216554,0.0058701377657951
70.0,0.8304295,0.004880123,0.2853484,0.05477924,0.02,,3.179999,,501.0,,501.0,,-0.021909,0.002332892,0.106481,2.892508,47.38174,0.00640021,0.006360886,42033.34,42271.25,35.62102,35.61489,14506.0,14804.0,0.01082014,0.004583767,0.0001912212,0.004424795,5.389128e-05,0.004428898,-0.002893837,0.004427771,126,0,1.0,4.0,,27.13431,0.02399655,0.006436284,-0.001830547,0.006419112,0.009995013,0.00635221,0.005672328,0.006335248,1.58258e-07,0.00635222,1.220335e-06,0.006335239,-5.829183e-07,0.006352233,-2.248053e-05,0.006335225,3.179999,22.49355652606439,22.52544813326334,22.52544813326334,0.8063918423218728,0.024037657678127287,0.006550857197439086,22.5188972760659,22.531998990460778,38.5,2.4909509876742715,28505.298763359777,28150.06901202047,0.0,0.0,1.0,0.0,0.0,0.8063918423218728,22.52544813326334,28150.06901202047,422.9556103455796,12.057111659494833,11.983731070115189,12.057111659494833,69.29646455628166,38.11305550595492,2.484668429587458,0.8399295,23.779392912958087,42171.147,12.027461466457602,0.006326696163393388,0.006290043332991417
80.0,0.6188208,0.00410888,0.2617126,0.04501053,0.02,,3.179999,,501.0,,501.0,,-0.01370925,0.001684228,0.1228534,2.990698,47.70109,0.007233336,0.007185227,45241.85,45467.84,35.54115,35.535740000000004,18939.0,19321.0,0.01088916,0.005474257,0.004195121,0.005203488,-0.0002295049,0.005332311,0.003927241,0.005147497,120,6,1.0,4.0,,33.80812,0.01826488,0.005376497,-0.0002294745,0.005567425,0.01508866,0.00518224,0.01152509,0.005209275,0.002181842,0.005254756,0.001139169,0.00512569,0.002596006,0.005286251,0.0003052742,0.005080639,3.179999,22.812901190181634,22.85591681995612,22.85591681995612,0.5947831423218727,0.024037657678127287,0.007474692494369606,22.84844212746175,22.86339151245049,44.0,2.5755095769013945,31363.100595737556,30896.861547104716,0.0,0.0,1.0,0.0,0.0,0.5947831423218727,22.85591681995612,30896.861547104716,422.9556103455796,12.057111659494833,11.983731070115189,12.057111659494833,79.19595949289332,43.557777721091334,2.5690137491632763,0.6283207999999999,24.094546407785984,45421.7705,11.946839853439425,0.007123447888665421,0.007077015861131318
90.0,0.4747442,0.003564261,0.2574262,0.03920687,0.02,,3.179999,,501.0,,501.0,,-0.009921375,0.001399276,0.1410365,3.08007,47.98885,0.008181726,0.008121487,47945.65,48187.71,35.47813,35.47266,23899.0,24402.0,-0.002495552,0.005750251,-0.0008077954,0.005645319,-0.006604335,0.005824853,0.001610935,0.005569004,121,5,1.0,4.0,,43.11031,0.01462988,0.004728017,-0.008277054,0.004871008,0.01703535,0.004510585,0.003236563,0.004546052,0.000333632,0.004565919,0.0002029984,0.004490105,0.0008112052,0.004600933,0.0001832775,0.004452477,3.179999,23.100664278421366,23.157078791956152,23.157078791956152,0.45070654232187274,0.024037657678127287,0.008552406840273363,23.14852638511588,23.165631198796426,49.50000000000001,2.6524750026598074,33847.861112234124,33255.811526668615,0.0,0.0,1.0,0.0,0.0,0.45070654232187274,23.157078791956152,33255.811526668615,422.9556103455796,12.057111659494833,11.983731070115189,12.057111659494833,89.095454429505,49.00249993622775,2.645785056386079,0.4842442,24.37733893077138,48172.690500000004,11.882997742908497,0.008021075761604884,0.007962252889417855
100.0,0.3593405,0.003013304,0.2517012,0.03382425,0.02,,3.179999,,501.0,,501.0,,-0.008594501,0.001273822,0.1482136,3.162278,48.29123,0.00914297,0.00906672,50299.39,50520.32,35.42609,35.42134,29506.0,30154.0,0.0044739,0.005026604,0.002760628,0.004986172,-0.007147618,0.005031706,-0.005139485,0.004964539,126,0,1.0,4.0,,55.37505,0.006796309,0.004157957,-0.00504519,0.004146863,0.005747042,0.004125316,-0.0004814962,0.0041143,1.331651e-06,0.004125319,5.333565e-05,0.004114291,1.030444e-06,0.004125327,2.836973e-05,0.004114281,3.179999,23.403048028066003,23.478220360204915,23.478220360204915,0.33530284232187274,0.024037657678127287,0.009713725790387429,23.468506634414528,23.487934085995303,55.00000000000001,2.7232698153315003,35949.87565856735,35217.21429643003,0.0,0.0,1.0,0.0,0.0,0.33530284232187274,23.478220360204915,35217.21429643003,422.9556103455796,12.057111659494833,11.983731070115189,12.057111659494833,98.99494936611666,54.447222151364166,2.7164013137489538,0.3688405,24.67290349479969,50579.697,11.8300594416122,0.008906534513781924,0.008834066308556666
110.0,0.2694297,0.003173322,0.2915736,0.03562045,0.02,,3.179999,,501.0,,501.0,,-0.006769745,0.000371416,0.0548641,3.238532,48.60389,0.01286288,0.01271373,52237.38,52426.92,35.38505,35.38111,35727.0,36448.0,0.01738464,0.005953932,0.001179424,0.005861686,0.004775812,0.005792253,-0.01033413,0.005798616,126,0,1.0,4.0,,67.00351,0.01072243,0.00418924,0.003168925,0.004178063,0.02001182,0.003740874,-0.006057636,0.003730885,1.536617e-06,0.003740876,5.357571e-05,0.003730876,6.431155e-07,0.003740884,1.28495e-05,0.003730868,3.179999,23.71569977862551,23.817162259641012,23.817162259641012,0.2453920423218727,0.024037657678127287,0.013950344455995634,23.803211915185017,23.831112604097008,60.50000000000001,2.788937896951458,37691.84581616353,36803.77143781526,0.0,0.0,1.0,0.0,0.0,0.2453920423218727,23.817162259641012,36803.77143781526,422.9556103455796,12.057111659494833,11.983731070115189,12.057111659494833,108.89444430272832,59.89194436650058,2.7819037704572747,0.2789297,24.976263100679624,52576.786499999995,11.788014903883692,0.012422984135702505,0.012282446969270168
120.0,0.2009019,0.002526201,0.2522088,0.02824379,0.02,,3.179999,,501.0,,501.0,,-0.003636413,0.000903124,0.2483557,3.309751,48.92254,0.0137382,0.0135679,53866.89,54055.01,35.35169,35.34791,42698.0,43606.0,0.01349057,0.008841174,-0.003117382,0.008172315,-0.009598617,0.008492843,-0.0003769694,0.008074416,125,1,1.0,4.0,,79.73972,0.007366832,0.003418697,0.006625774,0.003431286,0.008426115,0.003311591,-0.004732097,0.003309753,7.845808e-05,0.003320062,4.351991e-05,0.003301325,0.0001563147,0.003326495,3.17893e-05,0.003294852,3.179999,24.034353337362496,24.172713352647754,24.172713352647754,0.1768642423218727,0.024037657678127287,0.015398162995676756,24.157315189652078,24.18811151564343,66.0,2.8502698827717983,39114.462273443576,38056.17363924522,0.0,0.0,1.0,0.0,0.0,0.1768642423218727,24.172713352647754,38056.17363924522,422.9556103455796,12.057111659494833,11.983731070115189,12.057111659494833,118.79393923933999,65.336666581637,2.843081067660535,0.2104019,25.282375856687977,54272.521,11.753550011605022,0.013114836855140932,0.01295830882637629
130.0,0.1543944,0.002190208,0.237835,0.02458502,0.02,,3.179999,,501.0,,501.0,,-0.003757189,0.0002316701,0.06166049,3.376648,49.208420000000004,0.01551211,0.01529396,55242.44,55398.66,35.32432,35.32125,50402.0,51458.0,0.009330778,0.006350009,0.005842736,0.006317267,-0.0006838641,0.006292795,0.006911823,0.006290259,126,0,1.0,4.0,,93.58593,0.006427949,0.003003755,0.003283648,0.002995741,0.005256781,0.002966109,-0.0001103796,0.002958189,-8.539293e-07,0.002966112,-3.562835e-05,0.002958182,-5.210531e-07,0.002966118,-1.749511e-05,0.002958176,3.179999,24.320234587219403,24.503979700723043,24.503979700723043,0.1303567423218727,0.024037657678127287,0.018090602782979914,24.485889097940063,24.522070303506023,71.5,2.9078802008755247,40302.820839792315,39059.51671010474,0.0,0.0,1.0,0.0,0.0,0.1303567423218727,24.503979700723043,39059.51671010474,422.9556103455796,12.057111659494833,11.983731070115189,12.057111659494833,128.69343417595167,70.78138879677343,2.9005460837604575,0.1638944,25.553589713246538,55721.259000000005,11.724947698559184,0.01460709012800013,0.014413177722275206
140.0,0.1168156,0.002263593,0.2647116,0.02540877,0.02,,3.179999,,501.0,,501.0,,-0.002884336,0.0007085067,0.2456394,3.439791,49.511250000000004,0.02124571,0.02083719,56369.45,56511.47,35.30239,35.29966,58726.0,59910.0,-0.003562395,0.007999895,0.009279572,0.008251713,-0.0162138,0.008746299,-0.007499841,0.007981546,126,0,1.0,4.0,,108.5372,0.007283949,0.003052919,0.004070766,0.003044773,0.008720325,0.002947254,-0.001390441,0.002939383,4.216497e-08,0.002947258,1.959489e-06,0.002939379,-4.183221e-07,0.002947264,-1.541439e-05,0.002939373,3.179999,24.623061337501195,24.873201606777407,24.873201606777407,0.09277794232187273,0.024037657678127287,0.026171767762185993,24.84702983901522,24.899373374539593,77.0,2.962256637665299,41273.86852324859,39830.74765843266,0.0,0.0,1.0,0.0,0.0,0.09277794232187273,24.873201606777407,39830.74765843266,422.9556103455796,12.057111659494833,11.983731070115189,12.057111659494833,138.59292911256333,76.22611101190984,2.9547853748880426,0.1263156,25.836357526708586,56927.346999999994,11.701697638139663,0.01963298583021087,0.01928426590092714
150.0,0.08508548,0.002157696,0.2703497,0.02422007,0.02,,3.179999,,501.0,,501.0,,-0.002037191,0.0001988348,0.09760241,3.499635,49.855360000000005,0.02788819,0.02719031,57270.71,57392.01,35.28517,35.28287,67636.0,69062.0,0.01260911,0.01004284,0.01090617,0.009997339,-0.008159388,0.009971753,-0.0004442183,0.009913382,126,0,1.0,4.0,,124.5951,0.01035678,0.002889659,0.0006687501,0.002881949,-0.001580611,0.002870916,-0.003275068,0.00286325,3.757796e-07,0.00287092,1.475573e-05,0.002863245,4.845576e-07,0.002870926,1.349643e-05,0.002863239,3.179999,24.967174814413344,25.32763800610812,25.32763800610812,0.06104782232187272,0.024037657678127287,0.03771205149935142,25.28992595460877,25.365350057607472,82.5,3.013793467093005,42033.54626074863,40375.80742116521,0.0,0.0,1.0,0.0,0.0,0.06104782232187272,25.32763800610812,40375.80742116521,422.9556103455796,12.057111659494833,11.983731070115189,12.057111659494833,148.49242404917499,81.67083322704624,3.006192220576168,0.09458548,26.150438819668672,57913.252,11.683055118662883,0.02505482846871509,0.02448967172382182
160.0,0.06256916,0.002050876,0.2730065,0.0229295,0.02,,3.179999,,501.0,,501.0,,-0.001468605,0.0005556198,0.3783316,3.556559,50.189099999999996,0.03618347,0.03501802,57975.71,58074.24,35.271879999999996,35.27004,77144.0,78705.0,0.02690572,0.01588059,0.008167959,0.01256203,-0.01780912,0.01386697,-0.004489074,0.01213787,125,1,1.0,4.0,,141.7611,0.01291279,0.002567906,-0.004282627,0.00254405,-0.00181235,0.002543439,-0.002044068,0.002544275,-0.0001545408,0.002545158,-0.0001502892,0.002542417,-0.0001787366,0.002554457,0.0001072344,0.002533047,3.179999,25.300912636094765,25.827273591861903,25.827273591861903,0.03853150232187271,0.024037657678127287,0.05630388234387951,25.770969709518024,25.883577474205783,88.0,3.062814313608786,42630.716239849586,40743.558185859525,0.0,0.0,1.0,0.0,0.0,0.03853150232187271,25.827273591861903,40743.558185859525,422.9556103455796,12.057111659494833,11.983731070115189,12.057111659494833,158.39191898578665,87.11555544218267,3.055089429044784,0.07206916,26.44562634954443,58708.578,11.668246096715198,0.031344993154213394,0.0304654035022947
170.0,0.04546039,0.001959255,0.2782174,0.02199259,0.02,,3.179999,,501.0,,501.0,,-0.001257999,0.0001528009,0.1214635,3.610873,50.535920000000004,0.04783165,0.04581272,58511.77,58596.29,35.26189,35.260329999999996,86983.0,88766.0,0.01560643,0.0131142,0.00912543,0.01298916,-0.008760808,0.01297722,-0.007738247,0.01293309,126,0,1.0,4.0,,160.0354,0.01247129,0.002527013,0.0001426974,0.002520271,-0.003982491,0.002490037,-0.002630604,0.002483388,5.650541e-07,0.00249004,2.223805e-05,0.002483384,4.542175e-07,0.002490045,1.294355e-05,0.002483378,3.179999,25.647730554539898,26.46462629422935,26.46462629422935,0.021422732321872716,0.024037657678127287,0.09501639849374399,26.369609895735607,26.559642692723095,93.50000000000001,3.1095883655086665,43092.58973998685,40961.21123195101,0.0,0.0,1.0,0.0,0.0,0.021422732321872716,26.46462629422935,40961.21123195101,422.9556103455796,12.057111659494833,11.983731070115189,12.057111659494833,168.2914139223983,92.56027765731908,3.1017455096559994,0.054960390000000005,26.73987548543863,59338.108499999995,11.656665754127198,0.03941158966510146,0.03803094240293407
180.0,0.03089326,0.001685797,0.2534672,0.01892303,0.02,,3.179999,,501.0,,501.0,,-0.002167868,0.00046552,0.2147364,3.662842,50.95534,0.0609244,0.0576873,58908.36,58970.79,35.25456,35.25341,97498.0,99497.0,0.001703881,0.006095566,0.01100921,0.006512546,0.004256041,0.006115378,0.006181095,0.006174852,126,0,1.0,4.0,,179.4164,0.007501514,0.002258078,0.001152667,0.002252053,-0.001416236,0.002210761,-0.004886182,0.002204858,2.098328e-07,0.002210764,6.530995e-06,0.002204855,6.83246e-07,0.002210769,1.966778e-05,0.002204849,3.179999,26.067154098754862,27.70169940448084,27.70169940448084,0.006855602321872711,0.024037657678127287,0.23870852248633767,27.462990881994504,27.94040792696718,99.00000000000001,3.1543421455299043,43425.48509259558,41035.08489087484,0.0,0.0,1.0,0.0,0.0,0.006855602321872711,27.70169940448084,41035.08489087484,422.9556103455796,12.057111659494833,11.983731070115189,12.057111659494833,178.19090885901,98.0049998724555,3.146386413822201,0.04039326,27.074227737533228,59834.591,11.647619183122513,0.04628549415437075,0.04439273410672047
190.0,0.02050907,0.001564903,0.2483618,0.01756599,0.02,,3.179999,,501.0,,501.0,,-0.0007259971,0.0001151563,0.1586181,3.712687,51.400130000000004,0.08617672,0.07983582,59189.01,59251.22,35.2494,35.24826,108777.0,111003.0,0.007322051,0.01615395,0.01663462,0.01628426,-0.007499221,0.01605356,0.01865174,0.01623835,126,0,1.0,4.0,,199.9053,0.00628229,0.00213297,-0.0008747536,0.002127279,0.002217057,0.00208475,-0.004471698,0.002079183,3.95811e-07,0.002084753,1.449e-05,0.00207918,9.875731e-07,0.002084756,2.795747e-05,0.002079174,3.179999,26.511948529000996,,,-0.0035285876781272867,0.024037657678127287,,,,104.50000000000001,3.197268232433813,43659.112419448575,40994.889284403784,0.0,0.0,1.0,0.0,0.0,-0.0035285876781272867,,40994.889284403784,422.9556103455796,12.057111659494833,11.983731070115189,12.057111659494833,188.09040379562165,103.44972208759192,3.18920423459171,0.03000907,27.39686865856604,60222.391500000005,11.640605005376361,0.058148291973450054,0.05519174169490072
200.0,0.01219819,0.001493505,0.2495048,0.01676455,0.02,,3.179999,,501.0,,501.0,,-0.0006913501,0.0004030952,0.5830551,3.760603,51.964259999999996,0.1418034,0.1254049,59409.6,59441.11,35.24536,35.24478,120670.0,123172.0,0.01489625,0.01754385,0.02102513,0.01952919,0.01780054,0.01827635,0.02059755,0.01921785,126,0,1.0,4.0,,221.5002,0.006014965,0.002005727,-0.00108151,0.002000376,0.001109495,0.001910225,-0.006673254,0.001905125,7.066218e-07,0.001910227,2.534165e-05,0.00190512,1.413036e-06,0.001910227,4.085673e-05,0.001905113,3.179999,27.076074963269832,,,-0.011839467678127288,0.024037657678127287,,,,110.00000000000001,3.238531840464366,43805.57812536473,40852.73081735675,0.0,0.0,1.0,0.0,0.0,-0.011839467678127288,,40852.73081735675,422.9556103455796,12.057111659494833,11.983731070115189,12.057111659494833,197.9898987322333,108.89444430272833,3.2303637695129948,0.02169819,27.748941230562696,60555.965,11.63460767676104,0.07742855946764712,0.07227245772532528
210.0,0.00634023,0.001585438,0.2769999,0.01772573,0.02,,3.179999,,501.0,,501.0,,-0.0005158943,9.903499e-05,0.1919676,3.806754,52.67474,0.3124336,0.2423273,59487.06,59513.83,35.24394,35.24346,133312.0,136048.0,0.05109529,0.02253835,0.01842048,0.02057634,0.03265961,0.02110368,0.000519605,0.01998222,125,1,1.0,4.0,,244.2029,0.006540295,0.002091187,0.002390614,0.002071759,0.001616489,0.001994697,-0.006366313,0.001995352,-0.0001001807,0.001996061,-0.0001032535,0.001993911,-0.0001982427,0.002003307,0.0001021729,0.001986516,3.179999,27.78655091557484,,,-0.01769742767812729,0.024037657678127287,,,,115.50000000000001,3.278275862416453,43885.61033688483,40629.337616274526,0.0,0.0,1.0,0.0,0.0,-0.01769742767812729,,40629.337616274526,422.9556103455796,12.057111659494833,11.983731070115189,12.057111659494833,207.88939366884497,114.33916651786474,3.270007550983533,0.01584023,28.090596291871734,60753.524,11.631071314514806,0.11450149651040928,0.10356988048312062
220.0,0.001415678,0.001562979,0.284933,0.0174046,0.02,,3.179999,,501.0,,501.0,,-0.0004442889,9.085978e-05,0.2045061,3.851285,54.302589999999995,,0.8076401,59572.36,59590.86,35.24239,35.24205,146550.0,149547.0,0.03526192,0.02294829,0.01090711,0.02181437,0.03072675,0.02247072,0.004348016,0.0215636,124,2,1.0,4.0,,268.014,0.008409662,0.001938047,0.004161103,0.001921764,0.0002798386,0.0018301,-0.006924611,0.001816427,-1.543125e-05,0.001826691,-0.0002215736,0.001819498,-0.0001967997,0.001824304,-1.790756e-05,0.001821855,3.179999,29.414402239803284,,,-0.022621979678127287,0.024037657678127287,,,,121.00000000000001,3.3166247903554,43904.35203279481,40329.852659943055,0.0,0.0,1.0,0.0,0.0,-0.022621979678127287,,40329.852659943055,422.9556103455796,12.057111659494833,11.983731070115189,12.057111659494833,217.78888860545663,119.78388873300116,3.3082597570806875,0.010915678,28.494873210007587,60964.585,11.62730594548842,0.16778439605726325,0.14529282864718673
230.0,-0.003856548,0.001349676,0.2582669,0.01508983,0.02,,3.179999,,501.0,,501.0,,-0.0002454759,8.263571e-05,0.3366348,3.894323,47.18,,,59572.24,59555.28,35.24239,35.2427,160162.0,163421.0,0.0213341,0.03479653,-0.001630163,0.03401508,0.005765514,0.03422365,0.0008338427,0.03388334,125,1,1.0,4.0,,292.9334,0.006699576,0.001814002,0.002850356,0.001797149,0.0009114498,0.001722436,-0.005908762,0.001723002,-0.0001257271,0.001723568,-0.0001384844,0.001721712,-0.0001917451,0.001729804,9.482213e-05,0.001715305,3.179999,,,,-0.02789420567812729,0.024037657678127287,,,,126.50000000000001,3.3536878028823724,43850.9217831601,39943.39451842774,0.0,0.0,1.0,0.0,0.0,-0.02789420567812729,,39943.39451842774,422.9556103455796,12.057111659494833,11.983731070115189,12.057111659494833,227.68838354206832,125.22861094813759,3.3452292910405483,0.005643452,29.21113791116503,61093.778999999995,11.62500752609258,0.2967636283733067,0.23281660491911246
240.0,-0.007807696,0.001327261,0.266078,0.01489847,0.02,,3.179999,,501.0,,501.0,,-0.000153382,7.872935e-05,0.5132893,3.935979,47.18,,,59463.64,59456.17,35.24437,35.24451,174219.0,177773.0,0.04577876,0.056391,0.02350271,0.05252907,0.02671051,0.05299832,-0.01191889,0.0514224,126,0,1.0,4.0,,318.9589,0.005831353,0.001791522,0.002829933,0.001786742,0.004332697,0.001663995,-0.005936921,0.001659551,5.16611e-07,0.001663996,1.809136e-05,0.001659548,5.948642e-07,0.001663999,1.582671e-05,0.001659544,3.179999,,,,-0.03184535367812729,0.024037657678127287,,,,132.0,3.389561224270194,43737.94304974044,39482.586653488346,0.0,0.0,1.0,0.0,0.0,-0.03184535367812729,,39482.586653488346,422.9556103455796,12.057111659494833,11.983731070115189,12.057111659494833,237.58787847867998,130.673333163274,3.381012234191441,0.0016923039999999995,30.518804047593154,61118.720499999996,11.624564365367814,1.6653358901506348,0.6286650045665004
250.0,-0.009315734,0.001328789,0.2774856,0.01491562,0.02,,3.179999,,501.0,,501.0,,-0.0001677604,7.245157e-05,0.4318753,3.976354,47.18,,,59352.17,59312.7,35.24641,35.24713,189252.0,193166.0,0.07410629,0.05497737,0.01878774,0.04531423,0.01528794,0.04504647,0.03622622,0.04711418,126,0,1.0,4.0,,346.0972,0.006715612,0.001728942,0.004088741,0.001724329,0.005324394,0.001627486,-0.003669864,0.00162314,-2.221721e-07,0.001627488,-1.12251e-05,0.001623138,-2.748836e-08,0.001627492,-2.95174e-06,0.001623134,3.179999,,,,-0.03335339167812729,0.024037657678127287,,,,137.5,3.4243305038443026,43597.4065580709,38979.41979065993,0.0,0.0,1.0,0.0,0.0,-0.03335339167812729,,38979.41979065993,422.9556103455796,12.057111659494833,11.983731070115189,12.057111659494833,247.48737341529164,136.11805537841042,3.415693820342579,0.0001842659999999989,32.9263869790248,61150.064,11.62400771023104,,2.2860237666345853
260.0,-0.01091749,0.001337629,0.2905068,0.01501485,0.02,,3.179999,,501.0,,501.0,,-0.0001259538,6.791412e-05,0.5391989,4.015534,47.18,,,59186.73,59151.96,35.24944,35.25008,204852.0,209008.0,0.1812568,0.1124431,0.07118379,0.06744117,-0.008945776,0.05561862,0.05047445,0.06159905,126,0,1.0,4.0,,374.3437,0.008031351,0.001655579,0.001822176,0.001651162,0.006309349,0.001537576,-0.002550999,0.00153347,-8.590616e-08,0.001537579,-5.798342e-06,0.001533468,1.857467e-07,0.001537582,2.991833e-06,0.001533465,3.179999,,,,-0.03495514767812729,0.024037657678127287,,,,143.0,3.4580718244567157,43425.98362278546,38430.56524457648,0.0,0.0,1.0,0.0,0.0,-0.03495514767812729,,38430.56524457648,422.9556103455796,12.057111659494833,11.983731070115189,12.057111659494833,257.38686835190333,141.56277759354685,3.4493500402012147,-0.0014174900000000004,,61132.824,11.62431385433019,0.7215508950845178,3.1229631493153125
270.0,-0.01265968,0.00130154,0.2923717,0.01455166,0.02,,3.179999,,501.0,,501.0,,-0.0002361185,,,4.0536,47.18,,,59009.35,58958.8,35.2527,35.25363,220899.0,225401.0,0.08320761,0.07221731,0.01509614,0.03063276,0.006103177,0.02842126,0.003859658,0.02831184,125,1,1.0,4.0,,403.6878,0.00762945,0.00164303,0.001053715,0.001651756,0.004400152,0.001585804,-0.001792781,0.001594175,5.24808e-08,0.001585846,1.169868e-06,0.001594133,-3.442274e-07,0.001585905,-1.958145e-06,0.001594075,3.179999,,,,-0.03669733767812729,0.024037657678127287,,,,148.5,3.4908534210066655,43219.410152170625,37831.75892352449,0.0,0.0,1.0,0.0,0.0,-0.03669733767812729,,37831.75892352449,422.9556103455796,12.057111659494833,11.983731070115189,12.057111659494833,267.28636328851496,147.00749980868324,3.4820489565677635,-0.0031596799999999998,,61107.8905,11.624756770655534,0.3745263482641456,0.576411671898799
280.0,-0.01399803,0.00121129,0.2833041,0.0135967,0.02,,3.179999,,501.0,,501.0,,-0.0002951481,,,4.090623,47.18,,,58795.38,58723.04,35.25664,35.25798,237443.0,242254.0,0.04498518,0.04130893,0.035129,0.03462478,-0.00697165,0.02102164,0.003226385,0.02037812,126,0,1.0,4.0,,434.1489,0.007979962,0.001511152,0.0007243452,0.001507121,0.005057287,0.001440709,-3.244235e-05,0.001436862,-9.965445e-08,0.001440711,-5.813234e-06,0.00143686,-7.77157e-08,0.001440714,-4.472809e-06,0.001436857,3.179999,,,,-0.03803568767812729,0.024037657678127287,,,,154.0,3.522736669975611,42982.378928904014,37187.69361018159,0.0,0.0,1.0,0.0,0.0,-0.03803568767812729,,37187.69361018159,422.9556103455796,12.057111659494833,11.983731070115189,12.057111659494833,277.18585822512665,152.45222202381967,3.5138517911228426,-0.00449803,,61051.0885,11.625766471176153,0.2589050941471796,0.34064249354963827
290.0,-0.01384741,0.001251361,0.3031274,0.01404649,0.02,,3.179999,,501.0,,501.0,,-0.0003689351,,,4.126667,47.18,,,58527.28,58446.95,35.2616,35.2631,254617.0,259843.0,0.02436191,0.02551345,0.01871711,0.02222292,-0.001106446,0.01648218,-0.005028148,0.01690003,126,0,1.0,4.0,,465.7092,0.008886787,0.001566522,0.0007570015,0.001562342,0.003874173,0.001525828,-0.0006836819,0.001521754,9.4211e-08,0.001525831,1.761597e-06,0.001521752,2.874291e-08,0.001525834,-1.148863e-06,0.001521749,3.179999,,,,-0.037885067678127285,0.024037657678127287,,,,159.5,3.55377699642438,42739.37160925282,36522.85096081497,0.0,0.0,1.0,0.0,0.0,-0.037885067678127285,,36522.85096081497,422.9556103455796,12.057111659494833,11.983731070115189,12.057111659494833,287.0853531617383,157.89694423895608,3.544813829136828,-0.0043474099999999995,,60946.1415,11.627634460893423,0.2746552610149601,0.368556936328455
300.0,-0.01468726,0.001170854,0.2910677,0.01303808,0.02,,3.179999,,501.0,,501.0,,-0.0004611689,,,4.161791,47.18,,,58265.68,58218.52,35.26647,35.26735,272393.0,277936.0,0.01550628,0.01688872,0.0144975,0.0163691,-0.01565166,0.01695328,-0.004280058,0.01189477,124,2,1.0,4.0,,498.3802,0.00771969,0.0014214,0.0004307117,0.001408735,0.003981637,0.0013766,0.000307083,0.001359985,3.629894e-05,0.001362891,-6.360764e-05,0.00137369,-0.0002043184,0.001370306,0.0001080692,0.001365742,3.179999,,,,-0.03872491767812729,0.024037657678127287,,,,165.0,3.5840246342157207,42472.58210315822,35819.424885365814,0.0,0.0,1.0,0.0,0.0,-0.03872491767812729,,35819.424885365814,422.9556103455796,12.057111659494833,11.983731070115189,12.057111659494833,296.98484809834997,163.3416664540925,3.5749851777750083,-0.005187260000000001,,60853.4135,11.629287638792897,0.22097573471609155,0.2777510235208448
310.0,-0.0149574,0.001148845,0.2974867,0.01289576,0.02,,3.179999,,501.0,,501.0,,-0.0005764611,,,4.196048,47.18,,,58003.69,57941.5,35.27136,35.27253,290839.0,296839.0,0.009798944,0.01196663,0.0144197,0.0146419,-0.01160194,0.01290707,0.005054482,0.009816601,126,0,1.0,4.0,,532.1592,0.008744326,0.001393699,0.0007757611,0.001389981,0.003799853,0.001350439,0.0004027756,0.001346833,-2.632686e-07,0.00135044,-1.145675e-05,0.00134683,-1.691204e-07,0.001350443,-6.960426e-06,0.001346827,3.179999,,,,-0.03899505767812729,0.024037657678127287,,,,170.5,3.613525267270259,42191.67553669245,35087.08050990633,0.0,0.0,1.0,0.0,0.0,-0.03899505767812729,,35087.08050990633,422.9556103455796,12.057111659494833,11.983731070115189,12.057111659494833,306.88434303496166,168.78638866922893,3.604411405736199,-0.005457399999999999,,60766.660500000005,11.630836575343398,0.2074222234961406,0.2566353633415086
320.0,-0.01613983,0.00113365,0.3006065,0.01262379,0.02,,3.179999,,501.0,,501.0,,-0.0007205763,,,4.229485,47.18,,,57713.43,57612.05,35.27681,35.27872,310020.0,316391.0,0.01303739,0.01247464,0.005822073,0.008351813,-0.009410536,0.01012611,0.005710272,0.008239738,124,2,1.0,4.0,,567.0444,0.007667022,0.001396468,0.0002173844,0.001415249,0.0009819653,0.001383197,0.001904038,0.001401564,-1.130127e-05,0.001383366,9.067603e-05,0.001401347,-7.717446e-06,0.001383627,4.830039e-05,0.001401073,3.179999,,,,-0.04017748767812729,0.024037657678127287,,,,176.0,3.6423205736757436,41878.62427832699,34307.790202908036,0.0,0.0,1.0,0.0,0.0,-0.04017748767812729,,34307.790202908036,422.9556103455796,12.057111659494833,11.983731070115189,12.057111659494833,316.7838379715733,174.23111088436534,3.6331340859896577,-0.006639830000000001,,60658.62,11.632768685574533,0.1711463132126732,0.20326638907436728
330.0,-0.01765745,0.00105123,0.2874625,0.011706,0.02,,3.179999,,501.0,,501.0,,-0.0009007204,,,4.262147,47.18,,,57400.96,57258.1,35.2827,35.28541,329807.0,336564.0,0.01073506,0.009872722,0.007330973,0.007663693,-0.003162395,0.005471176,0.003696103,0.005733556,124,2,1.0,4.0,,603.0392,0.005379242,0.001355273,0.0004297102,0.0013735,0.001320144,0.001327993,0.002706858,0.001345627,-1.344383e-05,0.001328143,0.0001084923,0.001345405,-1.269607e-05,0.001328381,7.760723e-05,0.001345131,3.179999,,,,-0.041695107678127286,0.024037657678127287,,,,181.50000000000003,3.6704486899161908,41525.2643564958,33473.38999280487,0.0,0.0,1.0,0.0,0.0,-0.041695107678127286,,33473.38999280487,422.9556103455796,12.057111659494833,11.983731070115189,12.057111659494833,326.683332908185,179.67583309950174,3.661191258833375,-0.008157450000000002,,60534.1265,11.6349993000569,0.13160740264398532,0.14978942980822807
340.0,-0.01879909,0.001001253,0.2798091,0.01105921,0.02,,3.179999,,501.0,,501.0,,-0.0011259,,,4.294076,47.18,,,57071.88,56899.74,35.28895,35.29222,349965.0,357131.0,0.01137998,0.009639775,3.838855e-05,0.003258411,-0.001622379,0.003423736,1.451822e-05,0.003251951,122,4,1.0,4.0,,640.1414,0.004605305,0.001134581,-5.137253e-05,0.001168875,0.001592904,0.0011193,0.001325456,0.001152249,-5.468608e-06,0.001119978,6.374293e-05,0.001151512,-5.334449e-06,0.001120897,6.063636e-05,0.001150525,3.179999,,,,-0.042836747678127285,0.024037657678127287,,,,187.00000000000003,3.697944608992588,41137.48241726715,32589.76652566511,0.0,0.0,1.0,0.0,0.0,-0.042836747678127285,,32589.76652566511,422.9556103455796,12.057111659494833,11.983731070115189,12.057111659494833,336.5828278447966,185.12055531463815,3.6886178290106555,-0.009299090000000001,,60396.5475,11.63746971654956,0.11102808974776682,0.12368887888844163
350.0,-0.01861528,0.001027297,0.2955315,0.01134687,0.02,,3.179999,,501.0,,501.0,,-0.001407375,,,4.325308,47.18,,,56694.76,56539.09,35.29614,35.29913,370723.0,378273.0,0.007520793,0.006531767,-0.0008705451,0.002705227,-0.001084058,0.002676022,-0.00263976,0.003348432,122,4,1.0,4.0,,678.3519,0.005163825,0.001150113,-0.0005786435,0.001184877,0.001314951,0.001140644,0.001008413,0.001174221,1.036255e-05,0.001141334,-6.46103e-05,0.00117347,4.324861e-06,0.001142284,2.85192e-06,0.001172477,3.179999,,,,-0.04265293767812729,0.024037657678127287,,,,192.50000000000003,3.7248405235005175,40742.02965621995,31683.670997067657,0.0,0.0,1.0,0.0,0.0,-0.04265293767812729,,31683.670997067657,422.9556103455796,12.057111659494833,11.983731070115189,12.057111659494833,346.4823227814083,190.5652775297746,3.7154459079224496,-0.009115280000000002,,60216.6285,11.640708910203099,0.11594574936301354,0.12982445988828498
360.0,-0.01830425,0.001009923,0.301273,0.01124603,0.02,,3.179999,,501.0,,501.0,,-0.001759219,,,4.355877,47.18,,,56281.03,56119.86,35.3041,35.30721,392396.0,400301.0,0.004800443,0.004389768,0.001504923,0.002467695,-0.001979998,0.002645755,0.0001309503,0.002148468,124,2,1.0,4.0,,717.6655,0.005351097,0.001241976,0.00159559,0.001258679,0.001602684,0.001229755,0.001067765,0.001246085,-8.637156e-06,0.001229911,6.978997e-05,0.001245897,-1.030983e-05,0.001230135,6.347188e-05,0.001245647,3.179999,,,,-0.04234190767812729,0.024037657678127287,,,,198.00000000000003,3.7511661226171107,40341.91336380149,30758.110697459808,0.0,0.0,1.0,0.0,0.0,-0.04234190767812729,,30758.110697459808,422.9556103455796,12.057111659494833,11.983731070115189,12.057111659494833,356.38181771802,196.009999744911,3.7417051098652574,-0.008804250000000001,,60008.792,11.644462789151023,0.11790335813939014,0.13228435990121445
370.0,-0.01806099,0.0009639552,0.2967377,0.01077735,0.02,,3.179999,,501.0,,501.0,,-0.002199024,,,4.385816,47.18,,,55913.06,55770.51,35.31122,35.313990000000004,414605.0,423102.0,0.002871056,0.002836139,0.0006803255,0.001758187,-0.00130894,0.001959397,0.001244409,0.001938629,125,1,1.0,4.0,,758.0917,0.007194407,0.001167056,0.00184881,0.001173203,0.000324784,0.001164681,0.0007765571,0.001170623,-9.958273e-06,0.001164835,3.386939e-05,0.001170463,-8.602519e-06,0.001165053,1.961816e-05,0.001170245,3.179999,,,,-0.042098647678127286,0.024037657678127287,,,,203.50000000000003,3.776948850287373,39935.993447178495,29811.945534008282,0.0,0.0,1.0,0.0,0.0,-0.042098647678127286,,29811.945534008282,422.9556103455796,12.057111659494833,11.983731070115189,12.057111659494833,366.2813126546316,201.4547219600474,3.7674228095662707,-0.00856099,,59851.807499999995,11.647306823861438,0.11584623991551246,0.12969968489887726
380.0,-0.01736882,0.0009744809,0.3093148,0.01093852,0.02,,3.179999,,501.0,,501.0,,-0.00274878,,,4.415154,47.18,,,55504.69,55333.95,35.31918,35.32252,437537.0,446568.0,0.001717932,0.001903201,0.001417601,0.001735002,0.0001539387,0.001321146,0.0005959071,0.001395806,126,0,1.0,4.0,,799.6212,0.007621415,0.0011618,0.002836318,0.001158701,-0.000296948,0.001145929,0.002096156,0.001142869,-7.344195e-07,0.001145927,-2.996376e-05,0.001142864,-8.653449e-07,0.001145927,-2.646651e-05,0.001142859,3.179999,,,,-0.04140647767812729,0.024037657678127287,,,,209.00000000000003,3.8022141305824637,39534.935130924096,28855.84073128622,0.0,0.0,1.0,0.0,0.0,-0.04140647767812729,,28855.84073128622,422.9556103455796,12.057111659494833,11.983731070115189,12.057111659494833,376.1808075912433,206.89944417518385,3.7926243669732687,-0.00786882,,59661.2915,11.650768374030076,0.12676197892073224,0.14354242600841433
390.0,-0.01768721,0.0008746944,0.2838147,0.009779381,0.02,,3.179999,,501.0,,501.0,,-0.003435975,,,4.443919,47.18,,,55097.34,54916.73,35.32717,35.33074,461077.0,470475.0,0.001372228,0.00143206,0.0007863301,0.00111405,0.00105934,0.001247962,-9.927381e-05,0.0009163648,125,1,1.0,4.0,,842.2617,0.005810541,0.001085576,0.002186649,0.001090607,0.0003216096,0.001085734,0.0003678845,0.001088656,-2.528363e-07,0.001087296,-1.352441e-05,0.001087113,-1.390418e-05,0.001089092,-1.662919e-06,0.001085332,3.179999,,,,-0.04172486767812729,0.024037657678127287,,,,214.50000000000003,3.8269855651513516,39115.63402702143,27866.691901276736,0.0,0.0,1.0,0.0,0.0,-0.04172486767812729,,27866.691901276736,422.9556103455796,12.057111659494833,11.983731070115189,12.057111659494833,386.08030252785494,212.34416639032023,3.8173333242082617,-0.008187209999999999,,59477.5715,11.654116930640871,0.11020886531386093,0.12267281124754936
400.0,-0.0180252,0.0009278834,0.3087916,0.01037405,0.02,,3.179999,,501.0,,501.0,,-0.004294969,,,4.472136,47.18,,,54679.19,54509.79,35.33545,35.33881,484518.0,494063.0,0.0009458855,0.001074175,0.000736366,0.0009633689,0.001378825,0.001335785,6.490844e-06,0.0007507973,125,1,1.0,4.0,,886.0008,0.004788874,0.001197064,0.00222277,0.001202612,6.754223e-05,0.001189786,0.001571165,0.001192988,-8.368532e-06,0.001191498,-1.006295e-05,0.001191297,-3.151826e-05,0.001193463,7.508768e-06,0.001189343,3.179999,,,,-0.042062857678127286,0.024037657678127287,,,,220.00000000000003,3.851285106843082,38677.2213214876,26843.63022999697,0.0,0.0,1.0,0.0,0.0,-0.042062857678127286,,26843.63022999697,422.9556103455796,12.057111659494833,11.983731070115189,12.057111659494833,395.9797974644666,217.78888860545666,3.841571578751864,-0.008525200000000002,,59282.111000000004,11.65769084947601,0.11217228302412426,0.12511087826643794
410.0,-0.017721,0.000947534,0.3232163,0.01059375,0.02,,3.179999,,501.0,,501.0,,-0.00536871,,,4.499828,47.18,,,54254.86,54068.38,35.3439,35.34764,507977.0,518064.0,0.0004112721,0.0006916484,0.0008605017,0.0009176914,0.00141407,0.001278188,-0.0003881653,0.0006677439,125,1,1.0,4.0,,930.8657,0.003326496,0.001252022,0.002165837,0.001257372,0.0006070391,0.00123554,0.00227611,0.001237277,1.806423e-06,0.001237981,-2.219189e-05,0.00123486,-4.100319e-05,0.001240441,1.026111e-07,0.001232404,3.179999,,,,-0.04175865767812729,0.024037657678127287,,,,225.50000000000003,3.8751332128949074,38235.29568830517,25802.25439142946,0.0,0.0,1.0,0.0,0.0,-0.04175865767812729,,25802.25439142946,422.9556103455796,12.057111659494833,11.983731070115189,12.057111659494833,405.8792924010783,223.2336108205931,3.8653595362450575,-0.008221000000000001,,59080.6415,11.6613869943685,0.11843812907431517,0.13295808787422836
420.0,-0.01797565,0.0008959969,0.3080491,0.009896609,0.02,,3.179999,,501.0,,501.0,,-0.006710888,,,4.527019,47.18,,,53841.44,53580.82,35.35221,35.35748,531951.0,542417.0,0.0005015875,0.0005965329,0.00080658,0.0007857932,0.001093452,0.0009776667,-0.0003936484,0.0005316562,122,4,1.0,4.0,,968.8734,0.002532954,0.001194511,0.0001496779,0.001197718,0.001230729,0.00118189,0.001514072,0.001182965,5.578743e-05,0.001173376,-4.925781e-05,0.001192111,-0.0001318388,0.001194209,4.731363e-05,0.001171629,3.179999,,,,-0.04201330767812729,0.024037657678127287,,,,231.00000000000003,3.8985489805273277,37775.95105765937,24728.65831575944,0.0,0.0,1.0,0.0,0.0,-0.04201330767812729,,24728.65831575944,422.9556103455796,12.057111659494833,11.983731070115189,12.057111659494833,415.77878733768995,228.67833303572948,3.888716245742241,-0.00847565,,58894.974500000004,11.664804404799408,0.1091072569853182,0.12130921175849373
430.0,-0.0180499,0.0008483056,0.3034842,0.009484345,0.02,,3.179999,,501.0,,501.0,,-0.00838861,,,4.553728,47.18,,,53337.92,53153.39,35.36241,35.36617,556290.0,567192.0,0.0001456483,0.0003489556,0.0006541007,0.0006190036,0.0004415469,0.0004821134,-0.0001974321,0.0003620003,125,1,1.0,4.0,,1023.9,0.001898955,0.001161682,-0.001604396,0.001153758,0.001550518,0.001134033,0.0022905,0.001126813,-1.697051e-06,0.001127394,5.129432e-05,0.001133367,-7.19407e-05,0.001134517,3.301253e-05,0.001126271,3.179999,,,,-0.04208755767812729,0.024037657678127287,,,,236.50000000000003,3.9215502673342972,37303.59479878657,23627.24937222329,0.0,0.0,1.0,0.0,0.0,-0.04208755767812729,,23627.24937222329,422.9556103455796,12.057111659494833,11.983731070115189,12.057111659494833,425.67828227430164,234.12305525086592,3.9116595197977952,-0.008549900000000001,,58622.674999999996,11.66983592059379,0.10270976602604702,0.11345098052190668
440.0,-0.01829822,0.0007449802,0.2705263,0.008295748,0.02,,3.179999,,501.0,,501.0,,-0.01048576,,,4.579976,47.18,,,52893.52,52695.84,35.37149,35.37556,580919.0,592300.0,0.0003122602,0.0003346766,0.0006373631,0.0005549487,0.0001515275,0.0002515694,4.605738e-05,0.000223433,124,2,1.0,4.0,,1063.427,0.002732098,0.0009825825,-0.0006502553,0.0009854056,0.001124399,0.0009580629,0.002539934,0.000943884,-3.829245e-05,0.0009588816,-2.290661e-06,0.0009430496,2.025273e-05,0.0009510849,-3.339896e-05,0.0009508136,3.179999,,,,-0.042335877678127284,0.024037657678127287,,,,242.00000000000003,3.9441537984850497,36813.47296942586,22493.273618560088,0.0,0.0,1.0,0.0,0.0,-0.042335877678127284,,22493.273618560088,422.9556103455796,12.057111659494833,11.983731070115189,12.057111659494833,435.57777721091327,239.56777746600233,3.9342060413975273,-0.00879822,,58412.250499999995,11.673740152484008,0.08824804335487248,0.09606046533692816
450.0,-0.01817563,0.0007537496,0.2799341,0.0083934,0.02,,3.179999,,501.0,,501.0,,-0.0131072,,,4.605779,47.18,,,52422.48,52184.07,35.381209999999996,35.38615,606269.0,618364.0,0.0003209938,0.0003093471,0.0006117531,0.0005178759,-5.032375e-05,0.0001761211,-1.205018e-05,0.0001705276,124,2,1.0,4.0,,1112.335,0.002279239,0.0009838943,1.655241e-05,0.0009883002,0.0005862634,0.0009886934,0.0007066749,0.0009765468,3.943823e-05,0.0009916152,-5.563453e-06,0.0009735977,2.316738e-05,0.0009860672,-1.556527e-05,0.0009791481,3.179999,,,,-0.04221328767812729,0.024037657678127287,,,,247.50000000000003,3.9663752624470967,36315.44305662426,21336.58854181686,0.0,0.0,1.0,0.0,0.0,-0.04221328767812729,,21336.58854181686,422.9556103455796,12.057111659494833,11.983731070115189,12.057111659494833,445.47727214752496,245.01249968113873,3.9563714594402417,-0.008675630000000002,,58182.035500000005,11.678027722549047,0.09045524422567408,0.09868185117553854
460.0,-0.01818788,0.0008178266,0.3104761,0.009070136,0.02,,3.179999,,501.0,,501.0,,-0.016384,,,4.631156,47.18,,,51958.63,51714.98,35.39086,35.39596,633011.0,646032.0,0.000256665,0.000251828,0.0005445433,0.000458577,-4.688892e-06,0.0001442356,-0.0001496134,0.0001869087,123,3,1.0,4.0,,1171.734,0.001357772,0.001076742,0.0001249713,0.001077143,0.0006672025,0.001069224,0.0009268484,0.001074542,-8.573408e-06,0.001081509,-1.649463e-05,0.001062498,3.52229e-05,0.001074409,-5.235205e-05,0.001069726,3.179999,,,,-0.042225537678127284,0.024037657678127287,,,,253.00000000000003,3.98822939668556,35805.87825552868,20153.56733714051,0.0,0.0,1.0,0.0,0.0,-0.042225537678127284,,20153.56733714051,422.9556103455796,12.057111659494833,11.983731070115189,12.057111659494833,455.37676708413665,250.45722189627517,3.9781704742209283,-0.00868788,,57972.2345,11.681949899309519,0.09767647928702353,0.10734033627631005
470.0,-0.01808716,0.0008236782,0.3168899,0.00906046,0.02,,3.179999,,501.0,,501.0,,-0.02048,,,4.656123,47.18,,,51432.79,51224.04,35.4019,35.40632,660931.0,674602.0,0.0002591447,0.0002366095,0.0003964501,0.000336961,-8.708974e-05,0.0001315492,-0.0001961534,0.0001932812,121,5,1.0,4.0,,1223.253,0.001762872,0.001057659,0.0004420415,0.001075633,0.0004729132,0.001048496,0.001238002,0.001071121,-3.49385e-05,0.001060702,-1.630003e-05,0.001058577,3.033781e-05,0.001054032,-1.689466e-05,0.001065896,3.179999,,,,-0.042124817678127285,0.024037657678127287,,,,258.5,4.009730064582095,35287.998090962195,18947.42952935412,0.0,0.0,1.0,0.0,0.0,-0.042124817678127285,,18947.42952935412,422.9556103455796,12.057111659494833,11.983731070115189,12.057111659494833,465.2762620207483,255.90194411141158,3.9996169141556788,-0.008587160000000002,,57711.6345,11.686841563739762,0.09944687932145597,0.10948253932911281
480.0,-0.0178636,0.001113821,0.4037674,0.01130405,0.02,,3.179999,,501.0,,501.0,,-0.0256,,,4.680695,47.18,,,51145.68,51181.02,35.40798,35.40723,689828.0,704268.0,0.0002691066,0.0002343234,0.0002464521,0.0002207154,-0.0001078805,0.0001248371,-8.568445e-05,0.0001213157,103,23,1.0,4.0,,1275.836,0.002828896,0.001047891,0.0001156154,0.001211738,3.376575e-05,0.001033793,0.001374526,0.001217082,-0.0001651538,0.001077937,-4.808633e-05,0.001155894,-4.604888e-05,0.001062997,0.0001475756,0.001179607,3.179999,,,,-0.04190125767812729,0.024037657678127287,,,,264.0,4.030890324639449,34765.51945231893,17721.892007851813,0.0,0.0,1.0,0.0,0.0,-0.04190125767812729,,17721.892007851813,422.9556103455796,12.057111659494833,11.983731070115189,12.057111659494833,475.17575695735997,261.346666326548,4.020723804811708,-0.0083636,,57699.046,11.687078418599445,0.13574229765423312,0.15517121517748245
490.0,-0.01766553,0.001235001,0.4027793,0.01104619,0.02,,3.179999,,501.0,,501.0,,-0.032,,,4.704885,47.18,,,51472.15,51167.52,35.401070000000004,35.40751,719736.0,734760.0,0.0003943421,0.0003269349,0.0001326183,0.0001349448,-7.643695e-06,7.856203e-05,-6.289785e-05,0.0001058949,80,46,1.0,4.0,,1329.564,0.003121481,0.001222234,-0.0009502067,0.001312637,0.0001179545,0.001066959,0.0003269773,0.001657211,-0.00105869,0.001274358,-0.0007195837,0.001238482,9.601578e-05,0.001166825,-4.667376e-05,0.001388091,3.179999,,,,-0.041703187678127286,0.024037657678127287,,,,269.5,4.05172249288892,34237.956421860494,16476.468854895196,0.0,0.0,1.0,0.0,0.0,-0.041703187678127286,,16476.468854895196,422.9556103455796,12.057111659494833,11.983731070115189,12.057111659494833,485.0752518939716,266.7913885416844,4.0415034311574045,-0.008165529999999999,,58309.642,11.67564906245244,0.15292001797086766,0.17804498404457458
500.0,-0.01682333,0.001266508,0.394263,0.01059637,0.02,,3.179999,,501.0,,501.0,,-0.04,,,4.728708,47.18,,,50888.69,50587.03,35.41345,35.4199,750172.0,765866.0,0.0002803571,0.0002365209,0.000108751,0.0001126261,5.083371e-05,8.055892e-05,2.34204e-05,7.952563e-05,70,56,1.0,4.0,,1384.389,0.002577339,0.001369543,-0.00173077,0.001444772,-9.457173e-05,0.001125967,0.003095074,0.00201498,-0.001129503,0.001400165,-0.001248636,0.001333701,0.0001303101,0.001303048,5.814809e-05,0.001448193,3.179999,,,,-0.04086098767812729,0.024037657678127287,,,,275.0,4.072238199292497,33725.185833372525,15231.036904269913,0.0,0.0,1.0,0.0,0.0,-0.04086098767812729,,15231.036904269913,422.9556103455796,12.057111659494833,11.983731070115189,12.057111659494833,494.9747468305833,272.23611075682084,4.06196739382222,-0.007323330000000001,,58015.324,11.681143194987913,0.17319092202387243,0.20615948467927622
